{
  "generated_at": "2026-02-23T09:59:20.259900+00:00",
  "run_dir": "/Users/kooshapari/temp-PRODVERCEL/485/kush/heliosHarness/clones/codex/codex-rs/perf-results/top-attach-smoke-20260223-025918",
  "command": "sleep 0.4",
  "config_path": "/var/folders/wl/z8733y815nzg28yy0_1_lh7w0000gn/T/codex-perf-6n_70dfm/codex-home/config.toml",
  "profile": {
    "name": null,
    "phase": "measure",
    "concurrency": 1,
    "warmup": 0,
    "iterations": 1,
    "auth_source_home": "/Users/kooshapari/.codex",
    "auth_copied_workers": 1,
    "top_attach": true,
    "top_interval_ms": 100.0
  },
  "iterations": 1,
  "summary": {
    "latency_ms": {
      "mean": 1038.0397919998359,
      "p50": 1038.0397919998359,
      "p95": 1038.0397919998359,
      "min": 1038.0397919998359,
      "max": 1038.0397919998359
    },
    "throughput_runs_per_sec": {
      "mean": 0.9633542063676092,
      "p50": 0.9633542063676092,
      "p95": 0.9633542063676092
    },
    "max_rss_kb": {
      "mean": 865.0,
      "p50": 865.0,
      "p95": 865.0,
      "min": 865.0,
      "max": 865.0
    },
    "max_rss_mb": {
      "mean": 0.8447265625,
      "p50": 0.8447265625,
      "p95": 0.8447265625,
      "min": 0.8447265625,
      "max": 0.8447265625
    },
    "user_cpu_sec": {
      "mean": 0.0,
      "p50": 0.0,
      "p95": 0.0
    },
    "system_cpu_sec": {
      "mean": 0.0,
      "p50": 0.0,
      "p95": 0.0
    },
    "cpu_pct": {
      "mean": null,
      "p50": null,
      "p95": null
    },
    "voluntary_ctx_switches": {
      "mean": 0.0,
      "p50": 0.0,
      "p95": 0.0
    },
    "involuntary_ctx_switches": {
      "mean": 12.0,
      "p50": 12.0,
      "p95": 12.0
    },
    "peak_open_fds": {
      "mean": 6.0,
      "p50": 6.0,
      "p95": 6.0,
      "max": 6.0
    },
    "peak_direct_children": {
      "mean": 1.0,
      "p50": 1.0,
      "p95": 1.0,
      "max": 1.0
    },
    "process_tree_sampled": {
      "peak_tree_rss_kb": {
        "mean": 2336.0,
        "p50": 2336.0,
        "p95": 2336.0,
        "max": 2336.0
      },
      "peak_tree_rss_mb": {
        "mean": 2.28125,
        "p50": 2.28125,
        "p95": 2.28125,
        "max": 2.28125
      },
      "peak_tree_cpu_pct": {
        "mean": 0.6,
        "p50": 0.6,
        "p95": 0.6,
        "max": 0.6
      },
      "mean_tree_cpu_pct": {
        "mean": 0.6,
        "p50": 0.6,
        "p95": 0.6
      }
    },
    "worker_step_timings_ms": {
      "build_cmd": {
        "mean": 2.6672500007407507,
        "p50": 2.6672500007407507,
        "p95": 2.6672500007407507
      },
      "spawn_proc": {
        "mean": 9.390999999595806,
        "p50": 9.390999999595806,
        "p95": 9.390999999595806
      },
      "monitor_loop": {
        "mean": 970.5029579999973,
        "p50": 970.5029579999973,
        "p95": 970.5029579999973
      },
      "communicate": {
        "mean": 0.09666699952504132,
        "p50": 0.09666699952504132,
        "p95": 0.09666699952504132
      },
      "parse_stats": {
        "mean": 0.8050000014918623,
        "p50": 0.8050000014918623,
        "p95": 0.8050000014918623
      }
    },
    "resource_budget": {
      "time_budget_ms": {
        "wall_mean_ms": 1038.0397919998359,
        "observed_worker_step_mean_ms": 983.4628750013508,
        "unaccounted_time_mean_ms": 54.5769169984851,
        "build_cmd_share_pct": 0.2569506507647611,
        "spawn_proc_share_pct": 0.9046859351608837,
        "monitor_loop_share_pct": 93.49381068815046,
        "communicate_share_pct": 0.009312456060938423,
        "parse_stats_share_pct": 0.07755001375631174,
        "unaccounted_share_pct": 5.257690256106649
      },
      "cpu_budget": {
        "user_cpu_mean_sec": 0.0,
        "system_cpu_mean_sec": 0.0,
        "total_cpu_mean_sec": 0.0,
        "cpu_core_utilization_pct": 0.0
      },
      "process_budget": {
        "peak_open_fds_mean": 6.0,
        "peak_direct_children_mean": 1.0,
        "sampled_peak_tree_rss_mean_kb": 2336.0,
        "sampled_peak_tree_rss_mean_mb": 2.28125,
        "sampled_peak_tree_cpu_p95": 0.6
      },
      "stability": {
        "total_runs": 1,
        "successful_runs_total": 1,
        "failed_runs_total": 0,
        "timeout_runs_total": 0,
        "failure_rate_pct": 0.0,
        "timeout_rate_pct": 0.0
      }
    },
    "top_attach": {
      "sample_count": {
        "mean": 0.0,
        "p50": 0.0,
        "p95": 0.0
      },
      "peak_rss_mb": {
        "mean": null,
        "p50": null,
        "p95": null,
        "max": null
      },
      "mean_rss_mb": {
        "mean": null,
        "p50": null,
        "p95": null
      },
      "peak_cpu_pct": {
        "mean": null,
        "p50": null,
        "p95": null,
        "max": null
      },
      "mean_cpu_pct": {
        "mean": null,
        "p50": null,
        "p95": null
      }
    },
    "otel_turn_action_stream": {
      "turn_metric_points": {
        "mean": 0.0,
        "p50": 0.0,
        "p95": 0.0,
        "total": 0
      },
      "action_metric_points": {
        "mean": 0.0,
        "p50": 0.0,
        "p95": 0.0,
        "total": 0
      },
      "stream_metric_points": {
        "mean": 0.0,
        "p50": 0.0,
        "p95": 0.0,
        "total": 0
      },
      "turn_metric_value_sum": {
        "mean": null,
        "p50": null,
        "p95": null
      },
      "action_metric_value_sum": {
        "mean": null,
        "p50": null,
        "p95": null
      },
      "stream_metric_value_sum": {
        "mean": null,
        "p50": null,
        "p95": null
      }
    },
    "queue_cancel_metrics": {},
    "otel_payloads_total": 0,
    "metric_datapoints_total": 0,
    "successful_runs_total": 1,
    "failed_runs_total": 0,
    "failed_iterations": []
  },
  "runs": [
    {
      "iteration": 1,
      "duration_ms": 1038.04,
      "throughput_runs_per_sec": 0.963354,
      "max_rss_kb": 865,
      "max_rss_mb": 0.8447265625,
      "user_cpu_sec": 0.0,
      "system_cpu_sec": 0.0,
      "cpu_pct": null,
      "voluntary_ctx_switches": 0,
      "involuntary_ctx_switches": 12,
      "peak_open_fds": 6,
      "peak_direct_children": 1,
      "return_code": 0,
      "worker_count": 1,
      "successful_runs": 1,
      "failed_runs": 0,
      "otel_payload_count": 0,
      "metric_datapoint_count": 0,
      "queue_cancel_datapoints": {},
      "turn_metric_points": 0,
      "action_metric_points": 0,
      "stream_metric_points": 0,
      "turn_metric_value_sum": null,
      "action_metric_value_sum": null,
      "stream_metric_value_sum": null,
      "sampled_peak_tree_rss_kb": 2336,
      "sampled_peak_tree_rss_mb": 2.28125,
      "sampled_peak_tree_cpu_pct": 0.6,
      "sampled_mean_tree_cpu_pct": 0.6,
      "build_cmd_ms": 2.6672500007407507,
      "spawn_proc_ms": 9.390999999595806,
      "monitor_loop_ms": 970.5029579999973,
      "communicate_ms": 0.09666699952504132,
      "parse_stats_ms": 0.8050000014918623,
      "top_sample_count": 0,
      "top_peak_rss_mb": null,
      "top_mean_rss_mb": null,
      "top_peak_cpu_pct": null,
      "top_mean_cpu_pct": null,
      "stderr_tail": "                   0  voluntary context switches\n                  12  involuntary context switches\n            11314904  instructions retired\n             8058803  cycles elapsed\n              885248  peak memory footprint"
    }
  ]
}
