{
  "generated_at": "2026-02-23T10:00:52.035898+00:00",
  "run_dir": "/Users/kooshapari/temp-PRODVERCEL/485/kush/heliosHarness/clones/codex/codex-rs/perf-results/top-attach-smoke4-20260223-030050",
  "command": "sleep 0.6",
  "config_path": "/var/folders/wl/z8733y815nzg28yy0_1_lh7w0000gn/T/codex-perf-t1e86ctu/codex-home/config.toml",
  "profile": {
    "name": null,
    "phase": "measure",
    "concurrency": 1,
    "warmup": 0,
    "iterations": 1,
    "auth_source_home": "/Users/kooshapari/.codex",
    "auth_copied_workers": 1,
    "top_attach": true,
    "top_interval_ms": 100.0
  },
  "iterations": 1,
  "summary": {
    "latency_ms": {
      "mean": 1105.8976670010452,
      "p50": 1105.8976670010452,
      "p95": 1105.8976670010452,
      "min": 1105.8976670010452,
      "max": 1105.8976670010452
    },
    "throughput_runs_per_sec": {
      "mean": 0.904242797357357,
      "p50": 0.904242797357357,
      "p95": 0.904242797357357
    },
    "max_rss_kb": {
      "mean": 865.0,
      "p50": 865.0,
      "p95": 865.0,
      "min": 865.0,
      "max": 865.0
    },
    "max_rss_mb": {
      "mean": 0.8447265625,
      "p50": 0.8447265625,
      "p95": 0.8447265625,
      "min": 0.8447265625,
      "max": 0.8447265625
    },
    "user_cpu_sec": {
      "mean": 0.0,
      "p50": 0.0,
      "p95": 0.0
    },
    "system_cpu_sec": {
      "mean": 0.0,
      "p50": 0.0,
      "p95": 0.0
    },
    "cpu_pct": {
      "mean": null,
      "p50": null,
      "p95": null
    },
    "voluntary_ctx_switches": {
      "mean": 0.0,
      "p50": 0.0,
      "p95": 0.0
    },
    "involuntary_ctx_switches": {
      "mean": 34.0,
      "p50": 34.0,
      "p95": 34.0
    },
    "peak_open_fds": {
      "mean": 6.0,
      "p50": 6.0,
      "p95": 6.0,
      "max": 6.0
    },
    "peak_direct_children": {
      "mean": 1.0,
      "p50": 1.0,
      "p95": 1.0,
      "max": 1.0
    },
    "process_tree_sampled": {
      "peak_tree_rss_kb": {
        "mean": 2336.0,
        "p50": 2336.0,
        "p95": 2336.0,
        "max": 2336.0
      },
      "peak_tree_rss_mb": {
        "mean": 2.28125,
        "p50": 2.28125,
        "p95": 2.28125,
        "max": 2.28125
      },
      "peak_tree_cpu_pct": {
        "mean": 1.0,
        "p50": 1.0,
        "p95": 1.0,
        "max": 1.0
      },
      "mean_tree_cpu_pct": {
        "mean": 1.0,
        "p50": 1.0,
        "p95": 1.0
      }
    },
    "worker_step_timings_ms": {
      "build_cmd": {
        "mean": 0.44766599967260845,
        "p50": 0.44766599967260845,
        "p95": 0.44766599967260845
      },
      "spawn_proc": {
        "mean": 8.065959000305156,
        "p50": 8.065959000305156,
        "p95": 8.065959000305156
      },
      "monitor_loop": {
        "mean": 1043.916791999436,
        "p50": 1043.916791999436,
        "p95": 1043.916791999436
      },
      "communicate": {
        "mean": 0.12020899885101244,
        "p50": 0.12020899885101244,
        "p95": 0.12020899885101244
      },
      "parse_stats": {
        "mean": 1.0252499996568076,
        "p50": 1.0252499996568076,
        "p95": 1.0252499996568076
      }
    },
    "resource_budget": {
      "time_budget_ms": {
        "wall_mean_ms": 1105.8976670010452,
        "observed_worker_step_mean_ms": 1053.5758759979217,
        "unaccounted_time_mean_ms": 52.32179100312351,
        "build_cmd_share_pct": 0.04047987558257371,
        "spawn_proc_share_pct": 0.7293585329805685,
        "monitor_loop_share_pct": 94.39542402058883,
        "communicate_share_pct": 0.010869812138856681,
        "parse_stats_share_pct": 0.0927074927680301,
        "unaccounted_share_pct": 4.731160265941139
      },
      "cpu_budget": {
        "user_cpu_mean_sec": 0.0,
        "system_cpu_mean_sec": 0.0,
        "total_cpu_mean_sec": 0.0,
        "cpu_core_utilization_pct": 0.0
      },
      "process_budget": {
        "peak_open_fds_mean": 6.0,
        "peak_direct_children_mean": 1.0,
        "sampled_peak_tree_rss_mean_kb": 2336.0,
        "sampled_peak_tree_rss_mean_mb": 2.28125,
        "sampled_peak_tree_cpu_p95": 1.0
      },
      "stability": {
        "total_runs": 1,
        "successful_runs_total": 1,
        "failed_runs_total": 0,
        "timeout_runs_total": 0,
        "failure_rate_pct": 0.0,
        "timeout_rate_pct": 0.0
      }
    },
    "top_attach": {
      "sample_count": {
        "mean": 0.0,
        "p50": 0.0,
        "p95": 0.0
      },
      "peak_rss_mb": {
        "mean": null,
        "p50": null,
        "p95": null,
        "max": null
      },
      "mean_rss_mb": {
        "mean": null,
        "p50": null,
        "p95": null
      },
      "peak_cpu_pct": {
        "mean": null,
        "p50": null,
        "p95": null,
        "max": null
      },
      "mean_cpu_pct": {
        "mean": null,
        "p50": null,
        "p95": null
      }
    },
    "otel_turn_action_stream": {
      "turn_metric_points": {
        "mean": 0.0,
        "p50": 0.0,
        "p95": 0.0,
        "total": 0
      },
      "action_metric_points": {
        "mean": 0.0,
        "p50": 0.0,
        "p95": 0.0,
        "total": 0
      },
      "stream_metric_points": {
        "mean": 0.0,
        "p50": 0.0,
        "p95": 0.0,
        "total": 0
      },
      "turn_metric_value_sum": {
        "mean": null,
        "p50": null,
        "p95": null
      },
      "action_metric_value_sum": {
        "mean": null,
        "p50": null,
        "p95": null
      },
      "stream_metric_value_sum": {
        "mean": null,
        "p50": null,
        "p95": null
      }
    },
    "queue_cancel_metrics": {},
    "otel_payloads_total": 0,
    "metric_datapoints_total": 0,
    "successful_runs_total": 1,
    "failed_runs_total": 0,
    "failed_iterations": []
  },
  "runs": [
    {
      "iteration": 1,
      "duration_ms": 1105.898,
      "throughput_runs_per_sec": 0.904243,
      "max_rss_kb": 865,
      "max_rss_mb": 0.8447265625,
      "user_cpu_sec": 0.0,
      "system_cpu_sec": 0.0,
      "cpu_pct": null,
      "voluntary_ctx_switches": 0,
      "involuntary_ctx_switches": 34,
      "peak_open_fds": 6,
      "peak_direct_children": 1,
      "return_code": 0,
      "worker_count": 1,
      "successful_runs": 1,
      "failed_runs": 0,
      "otel_payload_count": 0,
      "metric_datapoint_count": 0,
      "queue_cancel_datapoints": {},
      "turn_metric_points": 0,
      "action_metric_points": 0,
      "stream_metric_points": 0,
      "turn_metric_value_sum": null,
      "action_metric_value_sum": null,
      "stream_metric_value_sum": null,
      "sampled_peak_tree_rss_kb": 2336,
      "sampled_peak_tree_rss_mb": 2.28125,
      "sampled_peak_tree_cpu_pct": 1.0,
      "sampled_mean_tree_cpu_pct": 1.0,
      "build_cmd_ms": 0.44766599967260845,
      "spawn_proc_ms": 8.065959000305156,
      "monitor_loop_ms": 1043.916791999436,
      "communicate_ms": 0.12020899885101244,
      "parse_stats_ms": 1.0252499996568076,
      "top_sample_count": 0,
      "top_peak_rss_mb": null,
      "top_mean_rss_mb": null,
      "top_peak_cpu_pct": null,
      "top_mean_cpu_pct": null,
      "stderr_tail": "                   0  voluntary context switches\n                  34  involuntary context switches\n             9966452  instructions retired\n             7020610  cycles elapsed\n              885248  peak memory footprint"
    }
  ]
}
